"store_type","total_sales","percentage_of_total_sales","order_count"
"Local",4200344.269999866,65.0194751267436,"78319"
"Mall Kiosk",705645.8999999899,10.923087036229868,"13128"
"Outlet",508029.4100000015,7.86407100557745,"9201"
"Super Store",1045045.1899999839,16.176838223198587,"19263"
"Web Portal",1067.7700000000002,0.016528608250505436,"43"
